sentence,label
Budgeting is the key to managing your finances effectively,finance
Investing wisely can help your finances grow over time,finance
Saving for retirement is a crucial part of financial planning,finance
"Credit cards can be a useful tool, but they should be used responsibly",finance
Emergency funds provide a financial safety net for unexpected expenses,finance
Financial literacy is essential for making informed money decisions,finance
Compound interest can significantly boost your long-term financial goals,finance
Diversifying your investments can reduce financial risk,finance
Creating a monthly spending plan can help you stay on track financially,finance
Debt management is important for maintaining good financial health,finance
Insurance is a way to protect your finances from unexpected events,finance
Reviewing your financial goals regularly can help you stay motivated,finance
Financial stability often requires making short-term sacrifices for long-term gains,finance
Understanding your financial priorities is the first step toward financial success,finance
Teaching children about money early can set them up for a bright financial future,finance
Financial success is not just about how much you earn but also how you manage it,finance
A strong credit score can open doors to better financial opportunities,finance
Avoiding impulse purchases can help you save more money,finance
"Economic downturns can impact personal finances, so it's wise to be prepared",finance
"Financial well-being is a journey, and small steps can lead to significant improvements",finance
Elephants are known for their remarkable memory and social behavior,animal
"The cheetah is the fastest land animal, capable of reaching speeds up to 75 mph",animal
"Penguins are flightless birds that thrive in cold, Antarctic regions",animal
"A group of lions is called a pride, usually consisting of multiple females and one or more males",animal
Dolphins communicate with each other using a complex system of clicks and whistles,animal
Owls are nocturnal birds of prey known for their silent flight,animal
The chameleon's ability to change color helps it blend into its surroundings,animal
Honeybees are essential pollinators for many of our food crops,animal
The Amazon rainforest is home to a diverse array of exotic and endangered species,animal
Snakes are often misunderstood and play important roles in ecosystems as predators,animal
Koalas are marsupials that primarily feed on eucalyptus leaves,animal
The octopus is a highly intelligent sea creature with the ability to camouflage itself,animal
A swarm of bees can be a mesmerizing yet formidable sight,animal
Some species of turtles can live for over a century,animal
The hummingbird is the only bird capable of sustained hovering in mid-air,animal
Gorillas are our closest living relatives in the animal kingdom,animal
Red pandas are known for their fluffy tails and tree-dwelling habits,animal
"Monarch butterflies undertake long migrations, covering thousands of miles",animal
The giraffe's long neck allows it to reach high leaves on trees for food,animal
Parrots are renowned for their ability to mimic human speech and sounds,animal
Basketball players need both skill and teamwork to win games,sport
Running a marathon requires endurance and mental toughness,sport
"Soccer is known as ""the beautiful game"" for its fluid style of play",sport
"In baseball, a home run is one of the most exciting plays",sport
Tennis players must master their serve to dominate the game,sport
Olympic athletes train relentlessly for their chance at glory,sport
The Super Bowl is the most-watched sporting event in the United States,sport
Swimming is an excellent full-body workout,sport
Gymnastics showcases incredible flexibility and strength,sport
A hole-in-one in golf is a rare and celebrated achievement,sport
Sportsmanship is just as important as winning,sport
Competitive cycling demands exceptional endurance,sport
Hockey players skate at incredible speeds on the ice,sport
The World Cup is the pinnacle of international soccer competition,sport
Boxing is a physically demanding and intense sport,sport
Snowboarding and skiing are popular winter sports,sport
Athletes often credit their coaches for their success,sport
Track and field athletes excel in various events like sprints and jumps,sport
The adrenaline rush of extreme sports can be addictive,sport
The thrill of victory and the agony of defeat are part of sports' emotional rollercoaster,sport
The aroma of freshly baked bread filled the air,food
Sushi is a delightful combination of flavors and textures,food
Pizza topped with pepperoni and mushrooms is my favorite,food
Her homemade lasagna is a family tradition,food
I love the sound of a sizzling steak on the grill,food
Chocolate chip cookies straight from the oven are irresistible,food
Thai cuisine offers a wonderful blend of sweet and spicy flavors,food
Freshly squeezed orange juice is the best way to start the day,food
A bowl of hot soup is so comforting on a chilly day,food
The chef garnished the dish with a sprig of fresh basil,food
Tacos with all the fixings make for a perfect meal,food
Crispy French fries are the ultimate guilty pleasure,food
Indian curry is known for its rich and complex spices,food
A picnic in the park calls for sandwiches and fruit,food
The gelato shop had an array of unique flavors to choose from,food
He savored every bite of the decadent chocolate cake,food
Grilled vegetables are a healthy and tasty side dish,food
The seafood paella was a culinary masterpiece,food
A cheese platter with wine is a great way to unwind,food
Freshly caught seafood is a specialty of this coastal town,food
